Company,Valuation,DateJoined,Country,Industry,SelectedInvestors
Toutiao (Bytedance),$75 ,4/7/2017,China,Digital Media/ AI,"Sequoia Capital China, SIG Asia Investments, Sina Weibo, Softbank Group"
Uber,$72 ,8/23/2013,USA,On-Demand,"Lowercase Capital,
	  Benchmark Capital, Google Ventures"
Didi Chuxing,$56 ,12/31/2014,China,On-Demand,"Matrix Partners, Tiger
	  Global Management, Softbank Corp.,"
WeWork,$47 ,2/3/2014,USA,Facilities,"T. Rowe Price, Benchmark
	  Capital, SoftBank Group"
JUUL Labs,$38 ,12/20/2017,USA,Consumer Electronics,Tiger Global Management
Airbnb,$29.30 ,7/26/2011,USA,eCommerce/Marketplace,"General Catalyst Partners,
	  Andreessen Horowitz, ENIAC Ventures"
Stripe,$22.50 ,1/23/2014,USA,Fintech,"Khosla Ventures, Lowercase
	  Capital, capitalG"
SpaceX,$18.50 ,12/1/2012,USA,Other Transportation,"Founders Fund, Draper
	  Fisher Jurvetson, Rothenberg Ventures"
Epic Games,$15 ,10/26/2018,USA,Gaming,"Tencent Holdings, KKR, Smash Ventures"
GrabTaxi,$14 ,12/4/2014,Singapore,On-Demand,"GGV Capital, Vertex Venture
	  Holdings, Softbank Group"
Bitmain Technologies,$12 ,7/6/2018,China,Blockchain,"Coatue Management, Sequoia Capital China, IDG Capital"
Samumed,$12 ,8/6/2018,USA,Biotechnology,"Vickers Venture Partners, IKEA GreenTech"
"Palantir
	  Technologies",$11 ,5/5/2011,USA,Big Data,"RRE Ventures, Founders
	  Fund, In-Q-Tel"
Global Switch,$11.08 ,12/22/2016,UK,Computer Hardware & Services,"Aviation Industry Corporation of China, Essence Financial, Jiangsu Sha Steel Group"
Infor,$10 ,11/16/2016,USA,Internet Software & Services,"Blackstone Group, Koch Industries"
"DJI
	  Innovations",$10 ,5/6/2015,China,Hardware,"Accel Partners, Sequoia
	  Capital"
"One97
	  Communications (operates Paytm)",$10 ,5/12/2015,India,Fintech,"Intel Capital, Sapphire
	  Ventures, Alibaba Group"
Go-Jek,$10 ,8/4/2016,Indonesia,On-Demand,"Formation Group, Sequoia Capital India, Warburg Pincus"
Coupang,$9 ,5/28/2014,South Korea,eCommerce/Marketplace,"Sequoia Capital, Founder
	  Collective, Wellington Management"
Guazi (Chehaoduo),$9 ,3/12/2016,China,eCommerce/Marketplace,"Sequoia Capital China, GX Capital"
Coinbase,$8 ,8/10/2017,USA,Fintech,"Y Combinator, Union Square Ventures, DFJ Growth"
Instacart,$7.60 ,12/30/2014,USA,On-Demand,"Khosla Ventures, Kleiner
	  Perkins Caufield & Byers, Collaborative Fund"
"Slack
	  Technologies",$7.10 ,10/31/2014,USA,Internet Software & Services,"Google Ventures, Institutional Venture Partners, Index Ventures"
Snapdeal,$7 ,5/21/2014,India,e-commerce,"SoftBankGroup, Blackrock, Alibaba Group"
Roivant Sciences,$7 ,11/13/2018,Switzerland,Biotechnology,"SoftBankGroup, Founders Fund"
Tokopedia,$7 ,12/12/2018,Indonesia,Marketplace,"SoftBankGroup, Alibaba Group, Sequoia Capital India"
UiPath,$7 ,3/2/2018,USA,Robotic Process Automation,"Accel, capitalG, Earlybrid Venture Capital, Seedcamp"
Tanium,$6.70 ,3/31/2015,USA,Cybersecurity,"Andreessen Horowitz,
	  Nor-Cal Invest, TPG Growth"
"Magic
	  Leap",$6.30 ,10/21/2014,USA,VR/AR,"Obvious Ventures, Qualcomm
	  Ventures, Andreessen Horowitz"
Manbang Group,$6 ,4/24/2018,China,Supply chain & Logistics,"Softbank Group, CapitalG"
EasyHome,$5.70 ,2/12/2018,China,Retail,"Alibaba Group, Boyu Capital, Borui Capital"
Vice Media,$5.70 ,8/17/2013,USA,Media,"Technology Crossover Ventures, A&E Television Networks"
Robinhood,$5.60 ,4/26/2017,USA,Fintech,"Google Ventures, Andreessen Horowitz, DST Global"
"Intarcia
	  Therapeutics",$5.50 ,4/1/2014,USA,Healthcare,"New Enterprise Associates,
	  New Leaf Venture Partners, Charter Venture Capital"
Outcome Health,$5 ,5/31/2017,USA,Healthcare,"Goldman Sachs, capitalG, Pritzker Group Venture Capital"
UBTECH Robotics,$5 ,7/26/2016,China,Robotics,"CDH Investments, Goldstone Investments, Qiming Venture Partners"
Oyo Rooms,$4.30 ,9/25/2018,India,Travel Tech,"SoftBank Group, Sequoia Capital India,Lightspeed India Partners"
Bluehole,$5 ,8/9/2018,South Korea,Travel Tech,"Tencent Holdings, Stonebridge Capital, IMM Investment"
Machine Zone,$5 ,7/16/2014,USA,Gaming,"J.P. Morgan Chase & Co., Menlo Ventures"
BYJU'S,$5 ,7/25/2017,India,Ed Tech,"Tencent Holdings, Lightspeed India Partners, Sequoia Capital India"
Hellobike,$5 ,6/1/2018,China,Travel,"Ant Financial Services Group, GGV Capital"
Fanatics,$4.50 ,6/6/2012,USA,eCommerce/Marketplace,"SoftBank Group, Andreessen Horowitz, Temasek Holdings"
SenseTime,$4.50 ,7/11/2017,China,Computer Vision/ AI,"Star VC, IDG Capital, Infore Capital, Alibaba Group"
Social Finance (SoFi),$4.50 ,2/3/2015,USA,Fintech,"Baseline Ventures, DCM Ventures, Institutional Venture Partners"
Compass,$4.40 ,8/31/2016,USA,Real Estate,"Founders Fund, Thrive Capital, Wellington Management"
Olacabs,$4.30 ,10/27/2014,India,On-demand,"Accel Partners, SoftBank Group, Sequoia Capital"
Peloton Interactive,$4.20 ,5/24/2017,USA,Fitness,"True Ventures, Tiger Global Management, L Catterton"
"Yello
	  Mobile",$4 ,11/11/2014,South Korea,Mobile Software & Services,Formation 8
Houzz,$4 ,9/30/2014,USA,eCommerce/Marketplace,"New Enterprise Associates,
	  Sequoia Capital, Comcast Ventures"
DoorDash,$7.10 ,3/1/2018,USA,Food Delivery,"Softbank Group, Sequoia Capital, Khosla Ventures"
Nubank,$4 ,3/1/2018,Brazil,Fintech,"Sequoia Capital, Redpoint e.ventures, Kaszek Ventures"
XPeng Motors,$3.65 ,8/2/2018,China,Automobile,"Morningside Venture Capital, Foxconn Technology Company, Alibaba Group"
Samsara,$3.60 ,3/22/2018,USA,Internet of Things,"Andreessen Horowitz, General Catalyst"
Auto1 Group,$3.54 ,8/3/2015,Germany,eCommerce/Marketplace,"Digital Sky Technologies, Piton Capital, DN Capital, SoftBank Group"
Otto Bock HealthCare,$3.50 ,6/24/2017,Germany,Healthcare,EQT Partners
"Credit
	  Karma",$3.50 ,9/29/2014,USA,Fintech,"Felicis Ventures, SV Angel,
	  Founders Fund"
Snowflake Computing,$3.95 ,1/25/2018,USA,Internet Software & Services,"Redpoint Ventures,Iconiq Capital, Madrona Venture Group"
Indigo Agriculture,$3.50 ,9/26/2017,USA,Biotech,"Activant Capital Group, Alaska Permanent Fund, Baillie Gifford & Co."
Youxia Motors,$3.35 ,4/2/2018,China,Automobile,"China Environmental Protection Industry, China Fortune Ocean"
Cloudwalk,$3.32 ,10/8/2018,China,AI,"Oriza Holdings, Guangdong Technology Financial Group"
Rubrik,$3.30 ,4/28/2017,USA,Internet Software & Services,"Greylock Partners, Lightspeed Venture Partners, Khosla Ventures"
The Hut Group,$3.25 ,8/13/2017,UK,eCommerce,"KKR, Old Mutual Global Investors, Artemis Investment Management"
"Oscar
	  Health Insurance Co.",$3.20 ,4/20/2015,USA,Healthcare,"BoxGroup, Formation8,
	  Khosla Ventures"
Zoox,$3.20 ,5/27/2016,USA,Auto Tech,"AID Partners, Draper Fisher Jurvetson"
SmileDirectClub,$3.20 ,10/10/2018,USA,Health & Wellnes,"Clayton Dubilier & Rice, Kleiner Perkins Caufield & Byers, Spark Capital"
Flexport,$3.20 ,4/30/2018,USA,Internet Software & Services,"Bloomberg Beta, Founders Fund, First Round Capital"
Ziroom,$3.10 ,1/17/2018,China,Real Estate Tech,"Sequoia Capital China, Warburg Pincus, General Catalyst"
Kuaishou,$3 ,1/1/2015,China,Social,"Morningside Venture Capital, Sequoia Capital, Baidu"
VANCL,$3 ,12/14/2010,China,eCommerce/Marketplace,"Ceyuan Ventures, QiMing
	  Venture Partners, Temasek Holdings"
ContextLogic (dba. Wish),$3 ,5/18/2015,USA,eCommerce/Marketplace,"Founders Fund, GGV Capital, Digital Sky Technologies"
BGL Group,$3 ,11/24/2017,UK,Fintech,CPP Investment Board
Circle Internet Financial,$3 ,5/15/2018,USA,Fintech,"General Catalyst, Digital Currency Group, Accel"
Xiaohongshu,$3 ,3/31/2016,China,eCommerce/Marketplace,"GGV Capital, ZhenFund, Tencent"
Unity Technologies,$3 ,7/13/2016,USA,Gaming,"Sequoia Capital, iGlobe Partners, DFJ Growth"
CrowdStrike,$3 ,5/17/2017,USA,Cybersecurity,"Warbug Pincus, capitalG, Accel Partners"
Vipkid,$3 ,8/23/2017,China,Edtech,"Sequoia Capital China, Tencent Holdings, Sinovation Ventures"
SouChe Holdings,$3 ,11/1/2017,China,AutoTech,"Morningside Ventures, Warburg Pincus, CreditEase Fintech Investment Fund"
Niantic,$4 ,11/24/2017,USA,AR/VR,"Nintendo, Google, Pokemon Company International, Spark Capital"
Yuanfudao,$3 ,5/31/2017,China,Edtech,"Tencent Holdings, Warbug Pincus, IDG Capital"
Horizon Robotics,$3 ,2/27/2017,China,AI/Robotics,"Hillhouse Capital Management, Linear Venture, Morningside Venture Capital"
Shanghai Henlius,$2.90 ,7/19/2018,China,Real Estate,"Green Tomato, Fuguo Asset Management, Jacobson Pharma"
Affirm,$2.90 ,12/11/2017,USA,Fintech,"Andreessen Horowitz, Khosla Ventures, Singapore Wealth Fund"
ESR Cayman (e-Shang Redwood),$2.80 ,7/26/2017,China,Drug Development,"SK Group, GF Investments, China Minsheng Banking Corp."
Meicai,$2.80 ,1/11/2018,China,Food & Grocery,"Tiger Global Management, Blue Lake Capital, ZhenFund"
N26,$2.70 ,1/10/2019,Germany,Fintech,"Redalpine Venture Partners, Earlybird Venture Capital, Valar Ventures"
Toast,$2.70 ,7/10/2018,USA,Restaurant Tech,"Bessemer Venture Partners, Tiger Global Management, Google Ventures"
Databricks,$2.70 ,2/5/2019,USA,Internet Software & Services,"Andreessen Horowitz, New Enterprise Associates, Battery Ventures"
Plaid Technologies,$2.65 ,12/11/2018,USA,Fintech,"New Enterprise Associates, Spark Capital,"
Automation Anywhere,$2.60 ,7/2/2018,USA,Robotics,"General Atlantic, Goldman Sachs, New Enterprise Associates"
Woowa Brothers,$2.60 ,12/20/2018,South Korea,On Demand,"Hillhouse Capital Management, Altos Ventures, Sequoia Capital"
Klarna,$3.50 ,12/12/2011,Sweden,Fintech,"Institutional Venture
	  Partners, Sequoia Capital, General Atlantic"
VistaJet,$2.50 ,8/23/2017,Malta,On-demand,Rhone Capital
Zhihu,$2.50 ,1/12/2017,China,Internet Software & Services,"Tencent Holdings, Sinovation Ventures, Qiming Venture Partners"
Confluent,$2.50 ,1/23/2019,USA,Internet Software & Services,"Benchmark, Sequoia Capital, Index Ventures"
GRAIL,$2.46 ,3/1/2017,USA,Genomics,"Kleiner Perkins Caufield & Byers, Amazon, Merck & Co."
Lime,$2.40 ,7/9/2018,USA,Travel,"Andreessen Horowitz, Coatue Management, Uber"
YITU Technology,$2.37 ,3/8/2018,China,Computer Vision,"Sequoia Capital China, Banyan Capital"
Dadi Cinema,$2.30 ,5/11/2016,China,Entertainment,Alibaba Pictures Group
Uptake,$2.30 ,10/27/2015,USA,Big Data,"Revolution, New Enterprise Associates, Caterpillar"
ACORN OakNorth,$2.30 ,10/12/2017,UK,Fintech,"Clermont Group, Coltrane Asset Management, Toscafund Asset Management"
Zume Pizza,$2.25 ,11/1/2018,USA,On Demand,"Softbank Group, AME Cloud Ventures, SignalFire"
NuCom Group,$2.20 ,2/22/2018,Germany,Management & Strategy Consulting,General Atlantic
MINISO Life,$2.20 ,9/30/2018,China,Retail,"Hillhouse Capital Management, and Tencent Holdings"
"Zomato
	  Media",$2.18 ,4/10/2015,India,Social,"Sequoia Capital, VY Capital"
benevolent.ai,$2.10 ,6/2/2015,UK,Healthcare,Woodford Investment Management
ReNew Power Ventures,$2 ,2/14/2017,India,Energy & Utilities,"Goldman Sachs, JERA, Asian Development Bank"
Traveloka,$2 ,7/28/2017,Indonesia,TravelTech,"Global Founders Capital, East Ventures, Expedia Inc."
Huimin,$2 ,9/5/2016,China,On-Demand,"Zheshang Venture Capital, GP Capital, Western Capital Management"
Avant,$2 ,9/30/2015,USA,Fintech,"RRE Ventures, Tiger Global, August Capital"
"Trendy
	  Group International",$2 ,2/13/2012,China,Clothing & Accessories,L Capital Partners
Cambricon,$2 ,8/18/2017,China,Chips & Semiconductors,"Alibaba Entrepreneurs Fund, CAS Investment Management Co., Lenovo Ventures Group"
Preferred Networks,$2 ,5/17/2018,Japan,Internet Software & Services,"Toyota Motor Corporation, Mizuho Financial Group, FANUC"
Improbable,$2 ,5/12/2017,UK,AR/VR,"Andreessen Horowitz, SoftBank Group, Temasek Holdings"
LegalZoom,$2 ,7/31/2018,USA,RegTech,"K1 Capital, Francisco Partners, Neuberger Berman"
Tempus Labs,$2 ,3/21/2018,USA,Robotic Process Automation,"New Enterprise Associates, T. Rowe Associates, Lightbank"
Bird Rides,$2 ,5/29/2018,USA,Travel,"Tusk Ventures, Craft Ventures, Sequoia Capital"
Lemonade,$2 ,4/11/2019,USA,Fintech,"Google Ventures, Thrive Capital, SoftBank Group"
OpenDoor Labs,$3.80 ,11/30/2016,USA,Real Estate,"Norwest Venture Partners, New Enterprise Associates, Khosla Ventures"
Discord,$2 ,4/20/2018,USA,eSports,"Benchmark, Greylock Partners, Tencent Holdings"
Aurora,$2 ,2/7/2019,USA,AutoTech,"Index Ventures, Greylock Partners, Lightspeed Venture Partners"
Eggshell Apartment,$2 ,3/1/2019,China,Real Estate Tech,"JOY Capital, Gaorong Capital, Tiger Global Management"
HashiCorp,$1.90 ,11/1/2018,USA,DevOps,"Redpoint Ventures, True Ventures, Mayfield Fund"
InVision,$1.90 ,12/11/2018,USA,Internet Software & Services,"FirstMark Capital, Tiger Global Management, ICONIQ Capital"
Quora,$1.80 ,4/21/2017,USA,Internet Software & Services,"Y Combinator, Matrix Partners, Benchmark"
Zocdoc,$1.80 ,8/20/2015,USA,Healthcare,"Founders Fund, Khosla Ventures, Goldman Sachs"
Sprinklr,$1.80 ,3/31/2015,USA,Internet Software & Services,"Azure Capital Partners,
	  Battery Ventures, Intel Capital"
reddit,$1.80 ,7/31/2017,USA,Social,"Y Combinator, Sequoia Capital, Coatue Management"
Devoted Health,$1.80 ,10/16/2018,USA,Healthcare,"Andreessen Horowitz, F-Prime Capital, Venrock"
Afiniti,$1.80 ,4/14/2017,USA,Internet Software & Services,GAM Holding
L&P Cosmetic,$1.78 ,4/28/2017,South Korea,Beauty & grooming,CDIB Capital
Squarespace,$1.70 ,12/14/2017,USA,Internet Software & Services,"General Atlantic, Index Ventures, Accel Partners"
Buzzfeed,$1.70 ,8/18/2015,USA,Media,"SV Angel, RRE Ventures, New Enterprise Associates"
Revolut,$1.70 ,4/26/2018,UK,Fintech,"index Ventures, DST Global, Ribbit Capital"
Carbon3D,$1.70 ,12/20/2017,USA,Hardware,"Google Ventures, Sequoia Capital, Wakefield Group"
UCommune,$3 ,1/18/2017,China,Real Estate,"Ant Financial Services Group, Dahong Group, Sequoia Capital China"
Insidesales.com,$1.70 ,4/28/2014,USA,Big Data,"Microsoft Ventures, US
	  Venture Partners, Kleiner Perkins Caufield & Byers"
Graphcore,$1.70 ,12/18/2018,UK,Application & Data Integration Software,"Dell Technologies Capital, Pitango Venture Capital, Amadeus Capital Partners"
23andMe,$1.70 ,7/3/2015,USA,Healthcare,"Google Ventures, New Enterprise Associates, MPM Capital"
Pony.ai,$1.70 ,7/11/2018,USA,AutoTech,"Sequoia Capital China, IDG Capital, DCM Ventures"
Pax Labs,$1.70 ,10/22/2018,USA,Consumer Electronics,"Tao Capital Partners, Global Asset Capital, Tiger Global Management"
CureVac,$1.65 ,3/5/2015,Germany,Biotechnology,"dievini Hopp BioTech Holding & Co., Eli Lilly & Co., LBBW Venture Capital"
Darktrace,$1.65 ,5/15/2018,UK,Cybersecurity,"KKR, Ten Eleven Ventures, Summit Partners"
Jusfoun Big Data,$1.65 ,12/19/2018,China,Big Data,"Boxin Capital, DT Capital Partners, IDG Capital"
ServiceTitan,$1.65 ,11/14/2018,USA,Internet Software & Services,"Bessemer Venture Partners, ICONIQ Capital, Battery Ventures"
Infinidat,$1.60 ,4/29/2015,Israel,Hardware,"TPG Growth, Goldman Sachs"
BlaBlaCar,$1.60 ,9/16/2015,France,On-Demand,"Accel Partners, Index Ventures, Insight Venture Partners"
CAOCAO,$1.60 ,1/17/2018,China,On Demand,"People Electrical Appliance Group China, Zhongrong International Trust"
Gan & Lee Pharmaceuticals,$1.60 ,11/1/2014,China,Biotechnology,"Qiming Venture Partners, Goldman Sachs, Hillhouse Capital Management"
TransferWise,$1.60 ,1/26/2015,UK,Fintech,"IA Ventures, Index
	  Ventures, SV Angel"
Looker,$1.60 ,12/6/2018,USA,"Business Intelligence, Analytics & Performance Mgmt","Redpoint Ventures, First Round Capital, capitalG"
Dataminr,$1.60 ,6/4/2018,USA,BI & Analytics,"Venrock, Institutional Venture Partners, Goldman Sachs"
Delhivery,$1.60 ,2/27/2019,India,Supply Chain & Logistics,"Times Internet, Nexus Venture Partners, SoftBank Group"
Quanergy Systems,$1.59 ,8/24/2016,USA,Auto Tech,"Delphi Automotive, Samsung Ventures, Motus Ventures"
AIWAYS,$1.59 ,4/16/2018,China,Auto Tech,"Jiangsu Sha Steel Group, Shanghai Puyin Industry, Funa Yuanchuang Technology"
Promasidor Holdings,$1.58 ,11/8/2016,South Africa,Food and Beverage,"IFC, Ajinomoto"
Oxford Nanopore Technologies,$1.55 ,7/21/2015,UK,Healthcare,"Illumina, Invesco Perpetual, IP Group"
DouyuTV,$1.51 ,11/20/2017,China,Internet Software & Services,"CMB International Capital, Nanshan Capital, Tencent Holdings"
STX Entertainment,$1.50 ,8/10/2016,USA,Entertainment,"Tencent, TPG Growth, Hony Capital"
GuaHao (We Doctor),$1.50 ,9/22/2015,China,Healthcare,"Tencent, Morningside Group"
Tujia,$1.50 ,6/17/2015,China,eCommerce/Marketplace,"GGV Capital, QiMing Venture Partnersl"
ironSource,$1.50 ,8/11/2014,Israel,"Mobile Software &
	  Services","Access Industries, Clal
	  Industries and Investments"
Nextdoor,$1.50 ,3/4/2015,USA,Social,"Benchmark Capital, DAG
	  Ventures, Insight Venture Partners"
Aihuishou,$1.50 ,7/12/2018,China,Marketplace,"Morningside Ventures, JD.com, Tiantu Capital"
Freshworks,$1.50 ,7/31/2018,USA,Internet Software & Services,"Accel, Tiger Global Management, capitalG"
Asana,$1.50 ,11/29/2018,USA,Internet Software & Services,"8VC, Benchmark, Generation Investment Management"
Segment,$1.50 ,4/2/2019,USA,Internet Software & Services,"Accel, Y Combinator, Thrive Capital"
Tuandaiwang,$1.46 ,5/30/2017,China,Fintech,"Beihai Hongtai Investment, China Minsheng Investment, Yisheng Innovation"
Coocaa,$1.45 ,3/16/2018,China,Consumer Hardware,"Baidu, Tencent Holdings"
Gett,$1.40 ,6/7/2018,Israel,On-demand,"Volkswagen, Access Industries, Vostok New Ventures"
CGTZ,$1.40 ,2/21/2017,China,Fintech,"Shunwei Capital Partners, China Media Group, Guangzhou Huiyin Aofeng Equity Investment Fund"
"Koudai
	  Gouwu",$1.40 ,10/23/2014,China,eCommerce/Marketplace,"New Enterprise Associates,
	  Tiger Global management, Tencent"
AvidXchange,$1.40 ,6/8/2017,USA,Fintech,"Temasek Holdings, Charlotte Angel Partners, TPG Growth"
Hike,$1.40 ,8/16/2016,India,Social,"Foxconn, Tiger Global management, Tencent"
C3 IoT,$1.40 ,3/2/2017,USA,IoT,"Makena Capital Management, TPG Growth, Breyer Capital"
AppLovin,$1.40 ,1/1/2017,USA,Adtech,"Orient Hontai Capital, Webb Investment Network"
Allbirds,$1.40 ,10/11/2018,USA,Apparel,"Lerer Hippeau Ventures, T. Rowe Price, Tiger Global Management"
Cabify,$1.40 ,1/22/2018,Spain,On Demand,"Seaya Ventures, Otter Rock Capital, Rakuten"
Wemakeprice,$1.33 ,9/9/2015,South Korea,eCommerce/Marketplace,"IMM Investment, NXC"
Zeta Interactive,$1.30 ,7/15/2015,USA,Internet Software & Services,"GSO Capital Partners, Franklin Square"
Docker,$1.30 ,4/14/2015,USA,Internet Software & Services,"Greylock Partners,
	  Lightspeed Venture Partners, Lowercase Capital"
Swiggy,$3.30 ,6/21/2018,India,On-demand,"Accel India, SAIF Partners, Norwest Venture Partners"
Starry,$1.27 ,3/27/2018,USA,Sales Tech,"Social Capital, Bessemer Venture Partners"
Intercom,$1.29 ,7/3/2018,USA,Mobile & Telecommunications,"FirstMark Capital, Tiger Global Management"
Monzo,$1.27 ,10/31/2018,UK,Fintech,"Passion Capital, Thrive Capital, Orange Digital Ventures"
Atom Bank,$1.25 ,3/7/2018,UK,Fintech,"Toscafund Asset Management, Woodford Investment Management, BBVA"
Butterfly Network,$1.25 ,7/13/2018,USA,Healthcare,"Bill & Melinda Gates Foundation, Aeris Capital,"
ezCater,$1.25 ,4/2/2019,USA,Food & Grocery,"Insight Venture Partners, ICONIQ Capital, Launchpad Venture Group"
KeepTruckin,$1.20 ,4/23/2019,USA,Supply Chain & Logistics,"Google Ventures, Index Ventures, Scale Venture Partners"
Thumbtack,$1.20 ,9/29/2015,USA,eCommerce/Marketplace,"Tiger Global, Sequoia Capital, Google Capital"
Ten-X,$1.20 ,3/5/2014,USA,Internet Software & Services,"Stone Point Capital, Google Capital"
Clover Health,$1.20 ,5/10/2017,USA,Healthcare,"Google Ventures, Sequoia Capital, First Round Capital"
"Warby
	  Parker",$1.20 ,4/30/2015,USA,eCommerce/Marketplace,"BoxGroup, Felicis Ventures,
	  First Round Capital"
Human Longevity,$1.20 ,4/5/2016,USA,Healthcare,"Celgene, GE Ventures, Draper Fisher Jurvetson"
OfferUp,$1.20 ,9/8/2016,USA,eCommerce/Marketplace,"Andreessen Horowitz, GGV Capital, T. Rowe Price"
Postmates,$1.85 ,9/18/2018,USA,On Demand,"Founders Fund, Matrix Partners, Tiger Global Management"
Viva Republica (Toss),$1.20 ,12/10/2018,South Korea,Fintech,"Bessemer Venture Partners, Qualcomm Ventures, Kleiner Perkins Caufield & Byers"
4Paradigm,$1.20 ,12/19/2018,China,Cybersecurity,"Sequoia Capital China, China Construction Bank, Bank of China"
Yiguo (易果生鲜),$1.20 ,11/9/2016,China,Food & Grocery,"Alibaba Group, KKR, Goldman Sachs"
Glossier,$1.20 ,3/19/2019,USA,eCommerce,"Forerunner Ventures, Institutional Venture Partners, Thrive Capital"
HeartFlow,$1.19 ,12/4/2017,USA,Digital Health,"BlueCross BlueShield Venture Partners, US Venture Partners"
Logic Show (Luojisiwei),$1.17 ,7/20/2017,China,Ed Tech,"Sequoia Capital China, Qiming Venture Partners, Tencent Holdings"
Automattic,$1.16 ,5/27/2013,USA,Internet Software & Services,"Insight Venture Partners,
	  Lowercase Capital, Polaris Partners"
Deezer,$1.16 ,8/2/2018,France,Internet Software & Services,"Orange Digital Ventures, Access Industries"
LIfeMiles,$1.15 ,7/13/2015,Colombia,Business Products & Services,Advent International
Doctolib,$1.14 ,3/19/2019,France,Digital Health,"BPI France, Kerala Ventures, Accel"
Global Fashion Group,$1.10 ,4/8/2015,Luxembourg,eCommerce/Marketplace,"Access Industries, Rocket Internet, Tengelmann Ventures"
Shopclues,$1.10 ,1/12/2016,India,eCommerce/Marketplace,"Nexus Venture Partners, GIC Special Investments, Tiger Global Management"
"Proteus
	  Digital Health",$1.10 ,6/2/2014,USA,Healthcare,"Novartis,
	Essex Woodlands, The Carlyle Group"
Actifio,$1.10 ,3/24/2014,USA,Big Data,"Greylock Partners, North
	  Bridge Venture Partners, Technology Crossover Ventures"
TangoMe,$1.10 ,3/20/2014,USA,Social,"Draper Fisher Jurtson,
	  Qualcomm Ventures, Alibaba Group"
Tuhu,$1.16 ,9/15/2018,China,Auto Tech,"Qiming Venture Partners, Yaxia Automobile, Far East Horizon"
OVH,$1.10 ,7/3/2015,France,Big Data,"KKR, TowerBrook Capital Partners"
Tradeshift,$1.10 ,5/30/2018,USA,Fintech / Supply Chain,"Notion Capital, Scentan Ventures, Kite Ventures"
GitLab,$1.10 ,9/19/2018,USA,DevOps,"Google Ventures, ICONIQ Capital, Khosla Ventures"
Yijiupi (易久批),$1.10 ,9/20/2018,China,e-commerce,"Source Code Capital, Meituan Dianping, Tencent Holdings"
Brex,$1.10 ,10/5/2018,USA,Fintech,"DST Global, Ribbit Capital, Greenoaks Capital Management"
Outreach,$1.10 ,4/16/2019,USA,BI & Analytics,"Mayfield Fund, M12, Trinity Ventures"
TuSimple,$1.09 ,2/13/2019,USA,AutoTech,"Sina Weibo Fund, Zhiping Capital, Composite Capital Partners"
Radius Payments Solutions,$1.07 ,11/27/2017,UK,Internet Software & Services,Inflexion Private Equity
Formlabs,$1.06 ,8/1/2018,USA,3D Printing,"Pitango Venture Capital, DFJ Growth Fund, Foundry Group"
Jiuxian,$1.05 ,7/30/2015,China,eCommerce/Marketplace,"Sequoia Capital China, Rich Land Capital, Merrysunny Wealth"
Jumia,$1.04 ,2/8/2016,Nigeria,eCommerce/Marketplace,AXA
AppDirect,$1.04 ,10/7/2015,USA,Internet Software & Services,"Mithril, iNovia Capital, Foundry Group"
Avaloq Group,$1.01 ,3/22/2017,Switzerland,Fintech,Warbug Pincus
Katerra,$1 ,4/13/2017,USA,Construction Tech,"Foxconn Technology Company, Khosla Ventures, Moore Capital Management"
Yixia,$1 ,11/24/2015,China,Social,"Sequoia Capital China, Sina Weibo, Kleiner Perkins Caufield & Byers, Redpoint Ventures"
Medallia,$2.40 ,7/21/2015,USA,Internet Software & Services,Sequoia Capital
Apus Group,$1 ,1/16/2015,China,Mobile Software & Services,"Redpoint Ventures, QiMing Venture Partners, Chengwei Capital"
CloudFlare,$1 ,12/1/2012,USA,Cybersecurity,"New Enterprise Associates,
	  Pelion Venture Partners, Union Square Ventures"
Lookout,$1 ,8/13/2014,USA,Cybersecurity,"Accel Partners, Greylock
	  Partners, Lowercase Capital"
Fanli,$1 ,4/20/2015,China,eCommerce/Marketplace,"QiMing Venture Partners,
	  Steam boat Ventures"
TechStyle Fashion Group,$1 ,8/29/2014,USA,eCommerce/Marketplace,"Matrix Partners, Passport
	  Capital, Rho Ventures"
Desktop Metal,$1.50 ,7/17/2017,USA,3D Printing,"Australian Future Fund, GE Ventures, Data Collective"
Chime,$1.50 ,3/5/2019,USA,Fintech,"Forerunner Ventures, Crosslink Capital, Homebrew"
Illumio,$1 ,4/14/2014,USA,Cybersecurity,"Data Collective, Formation
	  8, General Catalyst Partners"
BeiBei,$1 ,1/22/2015,China,eCommerce/Marketplace,"Banyan Capital, New Horizon
	  Capital, IDG Capital Partners"
InMobi,$1 ,12/2/2014,India,Adtech,"Kleiner Perkins Caufield
	  & Byers, Softbank Corp., Sherpalo Ventures"
MarkLogic,$1 ,5/12/2015,USA,Big Data,"Sequoia Capital, Tenaya Capital, Northgate Capital"
Zhaogang,$1 ,6/29/2017,China,eCommerce/Marketplace,"K2 Ventures, Matrix Partners China, IDG Capital"
Vox Media,$1 ,8/12/2015,USA,Media,"Accel Partners, Comcast Ventures, General Atlantic"
Kik Interactive,$1 ,8/18/2015,Canada,Social,"Union Square Ventures, RRE Ventures, Spark Capital"
letgo,$1 ,9/28/2017,USA,eCommerce/Marketplace,"Accel Partners, FJ Labs, Insight Venture Partners"
Kabbage,$1 ,10/14/2015,USA,Fintech,"BlueRun Ventures, SV Angel, Mohr Davidow Ventures"
iTutorGroup,$1 ,11/18/2015,China,Ed Tech,"QiMing Venture Partners, Temasek Holdings, Silverlink Capital"
Gusto,$1 ,12/18/2015,USA,Fintech,"General Catalyst Partners, Google Ventures, Kleiner Perkins Caufield & Byers"
Dt Dream,$1 ,6/8/2017,China,Internet Software & Services,"Alibaba Group, China Everbright Investment Management, Yinxinggu Capital"
Cell C,$1 ,8/8/2017,South Africa,Telecommunications,"Blue Label Telecoms, Net1 UEPS Technologies"
Mia.com,$1 ,9/8/2015,China,eCommerce/Marketplace,"Sequoia Capital China, ZhenFund, K2 Ventures"
iCarbonX,$1 ,4/12/2016,China,Healthcare,"Tencent, Vcanbio"
Symphony Communication Services Holdings,$1 ,5/16/2017,USA,Fintech,"BNP Paribas, Goldman Sachs, Google"
Age of Learning,$1 ,5/3/2016,USA,Edtech,Iconiq Capital
SMS Assist,$1 ,6/13/2016,USA,Internet Software & Services,"Goldman Sachs, Insights Venture Partners, Pritzker Group Venture Capital"
Mofang Gongyu,$1 ,4/13/2016,China,Facilities,"Warburg Pincus, Aviation Industry Corporation of China"
Adaptive Biotechnologies,$1 ,1/8/2015,USA,Healthcare,"Illumina, Celgene, Casdin Capital"
HuJiang,$1 ,10/29/2015,China,Edtech,"China Minsheng Investment, Baidu, Wanxin Media"
Rubicon Global,$1 ,8/25/2017,USA,Cleantech,"Goldman Sachs, Leonardo DiCaprio, Promecap"
YH Global,$1 ,9/21/2017,China,Supplychain/ logistics,"Co-Energy Finance, Grandland"
Rocket Lab,$1 ,3/21/2017,USA,SpaceTech,"Lockheed Martin, Khosla Ventures, Bessemer Venture Partners"
Tongdun Technology,$1 ,10/10/2017,China,Cybersecurity,"Advantech Capital, Temasek Holdings Ltd., Tiantu Capital Co."
Supreme,$1 ,10/9/2017,USA,Clothing & Accessories,The Carlyle Group
Face++ (Megvii),$1 ,10/31/2017,China,AI / Facial Recognition,"Ant Financial Services Group, Russia-China Investment Fund, Foxconn Technology Company"
XiaoZhu,$1 ,11/1/2017,China,eCommerce/Marketplace,"Morningside Ventures, Capital Today, JOY Capital"
Ginkgo BioWorks,$1 ,12/14/2017,USA,Biotechnology,"Y Combinator, Data Collective, MassVentures"
Canva,$1 ,1/8/2018,Australia,Collaboration & Project Management,"Sequoia Capital China, Blackbird Ventures, Matrix Partners"
OrCam Technologies,$1 ,2/21/2018,Israel,Consumer Electronics,"Intel Capital, Aviv Venture Capital"
Lalamove,$1 ,2/21/2018,Hong Kong,Consumer Electronics,"MindWorks Ventures, Shunwei Capital Partners, 	Xiang He Capital"
17zuoye,$1 ,3/7/2018,China,EdTech,"DST Global, Temasek Holdings"
Ding Xiang Yuan,$1 ,4/10/2018,China,Digital Health,"Tencent Holdings, DCM Ventures"
Soundhound,$1 ,5/3/2018,USA,Music,"Tencent Holdings, Walden Venture Capital, Global Catalyst Partnera"
Huike Group (Uniquedu Corporation),$1 ,5/24/2018,China,HR Tech,"Fosun RZ Capital, Oceanwide Holdings, Shenzhen Qianhe Capital Management Co."
JOLLY Information Technology,$1 ,5/29/2018,China,ecommerce,"Legend Capital, CDH Investments, Sequoia Capital China"
Bolt,$1 ,5/30/2018,Estonia,On-demand,"Didi Chuxing, Diamler, TMT Investments"
New Dada,$1 ,12/31/2015,China,Supply Chain Tech,"DST Global, Sequoia Capital China"
luckin coffee,$2.90 ,6/13/2018,China,Food & Beverage,"JOY Capital, Lu Zhengyao"
PolicyBazaar,$1 ,6/25/2018,India,Fintech,"Info Edge, Softbank Capital"
Celonis,$1 ,6/26/2018,Germany,BI & Analytics,"Accel, 83North"
9f Group,$1 ,4/14/2015,China,Fintech,"China Cinda Asset Management, IDG Capital"
OutSystems,$1 ,6/5/2018,Portugal,DevOps,"KKR, ES Ventures, North Bridge Growth Equity"
MediaMath,$1 ,7/10/2018,USA,AdTech,"Silicon Valley Bank, QED Investors, European Founders Fund"
About You,$1 ,7/19/2018,Germany,eCommerce,"German Media Pool, Seven Venture Capital"
Revolution Precrafted,$1 ,10/23/2017,Philippines,Construction Tech,"K2 Global, 500 Startups"
Klook,$1 ,8/7/2018,Hong Kong,Travel Tech,"Sequoia Capital China, Goldman Sachs, Matrix Partners China"
GoodRx,$1 ,8/6/2018,USA,Travel Tech,"Silver Lake Partners, SV Angel, Upfront Ventures"
Bukalapak,$1 ,11/16/2017,Indonesia,eCommerce,"500 Startups, Batavia Incubator, Emtek Group"
Root Insurance,$1 ,8/22/2018,USA,InsurTech,"Tiger Global Management, Ribbit Capital, Redpoint Ventures"
Cohesity,$1 ,6/11/2018,USA,Data Storage,"SoftBank Group, Sequoia Capital, Wing Venture Capital"
Shansong Express (FlashEx),$1 ,8/27/2018,China,Supply Chain & Logistics,"Prometheus Capital, Matrix Partners China, JD Capital Management"
Udaan,$1 ,9/3/2018,India,e-commerce,"DST Global, Lightspeed Venture Partners, Microsoft ScaleUp"
Rappi,$1 ,8/31/2018,Colombia,On-demand,"DST Global, Andreessen Horowitz, Sequoia Capital, Redpoint e.ventures"
Xinyang Technology (SoYoung),$1 ,9/4/2018,China,e-commerce,"Orchid Asia Group Management, Russia-China Investment Fund, Matrix Partners China"
Roblox,$1 ,9/4/2018,USA,Gaming,"Atlos Ventures, Index Ventures, First Round Capital"
Aijia Life,$1 ,9/17/2018,China,Construction Tech,"Tiantu Capital, Fortune Capital, Zhenghedao Fund"
Nxin (农信互联),$1 ,9/18/2018,China,Ag Tech,"Beijing Juneng Hesheng Industry Investment Fund, Beijing Shuju Xinrong Fund"
WalkMe,$1 ,9/20/2018,USA,Sales Tech,"Gemini Israel Ventures, Insight Venture Partners, Giza Venture Capital"
Convoy,$1 ,9/21/2018,USA,Supply Chain,"Greylock Partners, capitalG, Y Combinator"
Zip Recruiter,$1 ,10/4/2018,USA,HR Tech,"Basepoint Ventures,Industry Ventures, and Institutional Venture Partners"
Medlinker,$1 ,7/31/2018,China,Digital health,"China Health Industry Investment Fund, China Renaissance, and Sequoia Capital China"
Momenta,$1 ,10/17/2018,China,Auto Tech,"Sinovation Ventures, Tencent Holdings, Sequoia Capital China"
TripActions,$1 ,11/8/2018,USA,Travel Tech,"Andreessen Horowitz, Lightspeed Venture Partners, Zeev Ventures"
Netskope,$1 ,11/13/2018,USA,Cybersecurity,"Lightspeed Venture Partners, Social Capital, Accel"
Sweetgreen,$1 ,11/13/2018,USA,Food & Beverage,"Red Sea Ventures, Fidelity Investments, Revolution"
Airtable,$1.10 ,11/15/2018,USA,Internet Software & Services,"Caffeinated Capital, CRV, Founder Collective"
LinkDoc Technology,$1 ,7/5/2018,China,Digital Health,"China Investment Corporation, New Enterprise Associates"
JFrog,$1 ,10/4/2018,USA,DevOps,"Gemini Israel Ventures, VMware, Battery Ventures"
TalkDesk,$1 ,10/3/2018,USA,SalesTech,"DJF, Salesforce Ventures, Storm Ventures"
Geek+,$1 ,11/21/2018,China,Robotics,"Volcanics Ventures, Vertex Ventures China, Warburg Pincus"
Pat McGrath Labs,$1 ,7/13/2018,USA,e-commerce,"One Luxury Group, Eurazeo"
Seismic,$1 ,12/18/2018,USA,Sales Tech,"Jackson Square Ventures, General Atlantic, Lightspeed Venture Partners"
iFood,$1 ,11/13/2018,Brazil,On Demand,"Movile, Just Eat, Naspers"
Omio,$1 ,10/23/2018,Germany,Travel Tech,"Lakestar, Battery Ventures, New Enterprise Associates"
Collibra,$1 ,1/29/2019,USA,Regtech / AI,"Index Ventures, Battery Ventures, ICONIQ Capital"
Hims,$1 ,1/29/2019,USA,Consumer Products & Services,"Forerunner Ventures, Thrive Capital, Redpoint Ventures"
Zhangmen,$1 ,12/26/2017,USA,EdTech,"Shunwei Capital Partners, QingSong Fund, Warburg Pincus"
Calm,$1 ,2/6/2019,USA,Health & Wellness,"Insight Venture Partners, TPG Growth, Sound Ventures"
Health Catalyst,$1 ,2/7/2019,USA,Digital Health,"Sequoia Capital, Kaiser Permanente Ventures, Norwest Venture Partners"
58 Daojia,$1 ,2/18/2016,China,Internet Software & Services,"KKR, Alibaba Group, Ping An Insurance"
LinkSure Network,$1 ,1/1/2015,China,Internet Software & Services,N/A
Unisound,$1 ,7/19/2018,China,"Scientific, Engineering Software","Qiming Venture Partners, China Internet Investment Fund, Qualcomm Ventures"
Yidian Zixun,$1 ,10/17/2017,China,Digital Media,"Phoenix New Media, Tianjin Haihe Industry Fund"
Tresata,$1 ,10/10/2018,USA,BI & Analytics,GCP Capital Partners
10X Genomics,$1 ,1/7/2019,USA,Genomics,"Fidelity Investments, Paladin Capital Group, Meritech Capital Partners"
Yanolja,$1 ,2/16/2019,South Korea,Travel Tech,"SBI Investment Korea, Partners Investment, GIC"
Rent the Runway,$1 ,3/21/2019,USA,eCommerce,"Bain Capital Ventures, Kleiner Perkins Caufield & Byers, Highland Capital Partners"
Vlocity,$1 ,3/26/2019,USA,Cloud Computing,"Accenture, Salesforce Ventures, Sutter Hill Ventures"
Airwallex,$1 ,3/25/2019,Australia,Fintech,"DST Global, Sequoia Capital China, Tencent Holdings"
Casper,$1.10 ,3/27/2019,USA,eCommerce / D2C,"Norwest Venture Partners, New Enterprise Associates, Lerer Hippeau Ventures"
Bill.com,$1 ,4/2/2019,USA,Fintech,"August Capital, DCM Ventures, Emergence Capital Partners"
Liquid,$1 ,4/3/2019,USA,Fintech,"JAFCO Co, Bitmain Technologies, IDG Capital"
Red Ventures,$1 ,1/7/2015,USA,Business Products & Services,"Silver Lake Partners, General Atlantic"
Sila Nanotechnologies,$1 ,4/16/2019,USA,Energy Storage,"Bessemer Venture Partners, Sutter Hill Ventures, Matrix Partners"
Dream11,$1 ,4/9/2019,India,Sports/Gaming,"Kaalari Capital, Tencent Holdings, Steadview Capital"
Coursera,$1 ,4/25/2019,USA,Edtech,"New Enterprise Associates, Kleiner Perkins Caufield & Byers, GSV Capital, Learn Capital"
Poizon,$1 ,4/29/2019,China,eCommerce/Marketplace,"DST Global, Sequoia Capital China, Gaorong Capital"
